{
    "y_mean": [
        229007.859375,
        103685.6015625
    ],
    "y_std": [
        126395.2109375,
        60350.73828125
    ],
    "x_mean": {
        "TOC": 3.5426044568245123,
        "Permeability...d.": 0.4662256267409471,
        "Brittleness": 27.013370473537602,
        "Porosity": 0.07811559888579386,
        "Thickness": 149.07799442896936,
        "Vclay": 0.24477715877437325,
        "TVD": 10257.644846796657,
        "Surf.Lat": 28.77244552924791,
        "Surf.Lon": -98.40896582172702,
        "Lateral..ft.": 6255.58356545961,
        "GPI (gross perforated interval ft)": 5859.00278551532,
        "Proppant.per.GPI..lb.ft.": 1696.908611969833,
        "Fluid.per.GPI..gal.ft.": 1485.1847589682313,
        "Total.Proppant.Volume": 9806246.254874652,
        "Total.Fluid": 8503713.558495821,
        "API.Gravity": 49.14484679665738
    },
    "x_std": {
        "TOC": 0.6555434996005475,
        "Permeability...d.": 0.2327564240289268,
        "Brittleness": 3.0643110632123456,
        "Porosity": 0.01312313772628692,
        "Thickness": 57.67143060810011,
        "Vclay": 0.04834664384706157,
        "TVD": 2025.3927857212757,
        "Surf.Lat": 0.476428637078106,
        "Surf.Lon": 0.9060892595262467,
        "Lateral..ft.": 1619.638940981525,
        "GPI (gross perforated interval ft)": 1587.1958756094048,
        "Proppant.per.GPI..lb.ft.": 667.4820019792069,
        "Fluid.per.GPI..gal.ft.": 691.9192752155722,
        "Total.Proppant.Volume": 4277120.323177817,
        "Total.Fluid": 4120990.2201513564,
        "API.Gravity": 8.970036588114713
    }
}